pid,pclass,survived,sex,age,sibsp,parch,fare,embarked
1,1st,1,female,29,0,0,211.337494,Southampton
2,1st,1,male,NA,1,2,151.550003,Southampton
3,1st,0,female,2,1,2,151.550003,Southampton
4,1st,0,male,30,1,2,151.550003,Southampton
5,1st,0,female,25,1,2,151.550003,Southampton
6,1st,1,male,48,0,0,26.5499992,Southampton
7,1st,1,female,63,1,0,77.9582977,Southampton
8,1st,0,male,39,0,0,0,Southampton
9,1st,1,female,53,2,0,51.4791985,Southampton
10,1st,0,male,71,0,0,49.5042,Cherbourg
11,1st,0,male,47,1,0,227.524994,Cherbourg
12,1st,1,female,18,1,0,227.524994,Cherbourg
13,1st,1,female,24,0,0,69.3000031,Cherbourg
14,1st,1,female,26,0,0,78.8499985,Southampton
15,1st,1,male,80,0,0,30,Southampton
16,1st,0,male,NA,0,0,25.9249992,Southampton
17,1st,0,male,24,0,1,247.520798,Cherbourg
18,1st,1,female,50,0,1,247.520798,Cherbourg
19,1st,1,female,32,0,0,76.2917023,Cherbourg
20,1st,0,male,36,0,0,75.2416992,Cherbourg
21,1st,1,male,37,1,1,52.5541992,Southampton
22,1st,1,female,47,1,1,52.5541992,Southampton
23,1st,1,male,26,0,0,30,Cherbourg
24,1st,1,female,42,0,0,227.524994,Cherbourg
25,1st,1,female,29,0,0,221.779205,Southampton
26,1st,0,male,25,0,0,26,Cherbourg
27,1st,1,male,25,1,0,91.0792007,Cherbourg
28,1st,1,female,19,1,0,91.0792007,Cherbourg
29,1st,1,female,35,0,0,135.633301,Southampton
30,1st,1,male,28,0,0,26.5499992,Southampton
31,1st,0,male,45,0,0,35.5,Southampton
32,1st,1,male,40,0,0,31,Cherbourg
33,1st,1,female,30,0,0,164.866699,Southampton
34,1st,1,female,58,0,0,26.5499992,Southampton
35,1st,0,male,42,0,0,26.5499992,Southampton
36,1st,1,female,45,0,0,262.375,Cherbourg
37,1st,1,female,22,0,1,55,Southampton
38,1st,1,male,NA,0,0,26.5499992,Southampton
39,1st,0,male,41,0,0,30.5,Southampton
40,1st,0,male,48,0,0,50.4958,Cherbourg
41,1st,0,male,NA,0,0,39.5999985,Cherbourg
42,1st,1,female,44,0,0,27.7208004,Cherbourg
43,1st,1,female,59,2,0,51.4791985,Southampton
44,1st,1,female,60,0,0,76.2917023,Cherbourg
45,1st,1,female,41,0,0,134.5,Cherbourg
46,1st,0,male,45,0,0,26.5499992,Southampton
47,1st,0,male,NA,0,0,31,Southampton
48,1st,1,male,42,0,0,26.2875004,Southampton
49,1st,1,female,53,0,0,27.4458008,Cherbourg
50,1st,1,male,36,0,1,512.329224,Cherbourg
51,1st,1,female,58,0,1,512.329224,Cherbourg
52,1st,0,male,33,0,0,5,Southampton
53,1st,0,male,28,0,0,47.0999985,Southampton
54,1st,0,male,17,0,0,47.0999985,Southampton
55,1st,1,male,11,1,2,120,Southampton
56,1st,1,female,14,1,2,120,Southampton
57,1st,1,male,36,1,2,120,Southampton
58,1st,1,female,36,1,2,120,Southampton
59,1st,0,male,49,0,0,26,Southampton
60,1st,1,female,NA,0,0,27.7208004,Cherbourg
61,1st,0,male,36,1,0,78.8499985,Southampton
62,1st,1,female,76,1,0,78.8499985,Southampton
63,1st,0,male,46,1,0,61.1749992,Southampton
64,1st,1,female,47,1,0,61.1749992,Southampton
65,1st,1,male,27,1,0,53.0999985,Southampton
66,1st,1,female,33,1,0,53.0999985,Southampton
67,1st,1,female,36,0,0,262.375,Cherbourg
68,1st,1,female,30,0,0,86.5,Southampton
69,1st,1,male,45,0,0,29.7000008,Cherbourg
70,1st,1,female,NA,0,1,55,Southampton
71,1st,0,male,NA,0,0,0,Southampton
72,1st,0,male,27,1,0,136.779205,Cherbourg
73,1st,1,female,26,1,0,136.779205,Cherbourg
74,1st,1,female,22,0,0,151.550003,Southampton
75,1st,0,male,NA,0,0,52,Southampton
76,1st,0,male,47,0,0,25.5874996,Southampton
77,1st,1,female,39,1,1,83.1583023,Cherbourg
78,1st,0,male,37,1,1,83.1583023,Cherbourg
79,1st,1,female,64,0,2,83.1583023,Cherbourg
80,1st,1,female,55,2,0,25.7000008,Southampton
81,1st,0,male,NA,0,0,26.5499992,Southampton
82,1st,0,male,70,1,1,71,Southampton
83,1st,1,female,36,0,2,71,Southampton
84,1st,1,female,64,1,1,26.5499992,Southampton
85,1st,0,male,39,1,0,71.2833023,Cherbourg
86,1st,1,female,38,1,0,71.2833023,Cherbourg
87,1st,1,male,51,0,0,26.5499992,Southampton
88,1st,1,male,27,0,0,30.5,Southampton
89,1st,1,female,33,0,0,151.550003,Southampton
90,1st,0,male,31,1,0,52,Southampton
91,1st,1,female,27,1,2,52,Southampton
92,1st,1,male,31,1,0,57,Southampton
93,1st,1,female,17,1,0,57,Southampton
94,1st,1,male,53,1,1,81.8582993,Southampton
95,1st,1,male,4,0,2,81.8582993,Southampton
96,1st,1,female,54,1,1,81.8582993,Southampton
97,1st,0,male,50,1,0,106.425003,Cherbourg
98,1st,1,female,27,1,1,247.520798,Cherbourg
99,1st,1,female,48,1,0,106.425003,Cherbourg
100,1st,1,female,48,1,0,39.5999985,Cherbourg
101,1st,1,male,49,1,0,56.9291992,Cherbourg
102,1st,0,male,39,0,0,29.7000008,Cherbourg
103,1st,1,female,23,0,1,83.1583023,Cherbourg
104,1st,1,female,38,0,0,227.524994,Cherbourg
105,1st,1,female,54,1,0,78.2667007,Cherbourg
106,1st,0,female,36,0,0,31.6791992,Cherbourg
107,1st,0,male,NA,0,0,221.779205,Southampton
108,1st,1,female,NA,0,0,31.6833,Southampton
109,1st,1,female,NA,0,0,110.883301,Cherbourg
110,1st,1,male,36,0,0,26.3875008,Southampton
111,1st,0,male,30,0,0,27.75,Cherbourg
112,1st,1,female,24,3,2,263,Southampton
113,1st,1,female,28,3,2,263,Southampton
114,1st,1,female,23,3,2,263,Southampton
115,1st,0,male,19,3,2,263,Southampton
116,1st,0,male,64,1,4,263,Southampton
117,1st,1,female,60,1,4,263,Southampton
118,1st,1,female,30,0,0,56.9291992,Cherbourg
119,1st,0,male,NA,0,0,26.5499992,Southampton
120,1st,1,male,50,2,0,133.649994,Southampton
121,1st,1,male,43,1,0,27.7208004,Cherbourg
122,1st,1,female,NA,1,0,133.649994,Southampton
123,1st,1,female,22,0,2,49.5,Cherbourg
124,1st,1,male,60,1,1,79.1999969,Cherbourg
125,1st,1,female,48,1,1,79.1999969,Cherbourg
126,1st,0,male,NA,0,0,0,Southampton
127,1st,0,male,37,1,0,53.0999985,Southampton
128,1st,1,female,35,1,0,53.0999985,Southampton
129,1st,0,male,47,0,0,38.5,Southampton
130,1st,1,female,35,0,0,211.5,Cherbourg
131,1st,1,female,22,0,1,59.4000015,Cherbourg
132,1st,1,female,45,0,1,59.4000015,Cherbourg
133,1st,0,male,24,0,0,79.1999969,Cherbourg
134,1st,1,male,49,1,0,89.1042023,Cherbourg
135,1st,1,female,NA,1,0,89.1042023,Cherbourg
136,1st,0,male,71,0,0,34.6542015,Cherbourg
137,1st,1,male,53,0,0,28.5,Cherbourg
138,1st,1,female,19,0,0,30,Southampton
139,1st,0,male,38,0,1,153.462494,Southampton
140,1st,1,female,58,0,1,153.462494,Southampton
141,1st,1,male,23,0,1,63.3582993,Cherbourg
142,1st,1,female,45,0,1,63.3582993,Cherbourg
143,1st,0,male,46,0,0,79.1999969,Cherbourg
144,1st,1,male,25,1,0,55.4417,Cherbourg
145,1st,1,female,25,1,0,55.4417,Cherbourg
146,1st,1,male,48,1,0,76.7292023,Cherbourg
147,1st,1,female,49,1,0,76.7292023,Cherbourg
148,1st,0,male,NA,0,0,42.4000015,Southampton
149,1st,0,male,45,1,0,83.4749985,Southampton
150,1st,1,female,35,1,0,83.4749985,Southampton
151,1st,0,male,40,0,0,0,Southampton
152,1st,1,male,27,0,0,76.7292023,Cherbourg
153,1st,1,male,NA,0,0,30,Southampton
154,1st,1,female,24,0,0,83.1583023,Cherbourg
155,1st,0,male,55,1,1,93.5,Southampton
156,1st,1,female,52,1,1,93.5,Southampton
157,1st,0,male,42,0,0,42.5,Southampton
158,1st,0,male,NA,0,0,51.8624992,Southampton
159,1st,0,male,55,0,0,50,Southampton
160,1st,1,female,16,0,1,57.9791985,Cherbourg
161,1st,1,female,44,0,1,57.9791985,Cherbourg
162,1st,1,female,51,1,0,77.9582977,Southampton
163,1st,0,male,42,1,0,52,Southampton
164,1st,1,female,35,1,0,52,Southampton
165,1st,1,male,35,0,0,26.5499992,Cherbourg
166,1st,1,male,38,1,0,90,Southampton
167,1st,0,male,NA,0,0,30.6958008,Cherbourg
168,1st,1,female,35,1,0,90,Southampton
169,1st,1,female,38,0,0,80,NA
170,1st,0,female,50,0,0,28.7124996,Cherbourg
171,1st,1,male,49,0,0,0,Southampton
172,1st,0,male,46,0,0,26,Southampton
173,1st,0,male,50,0,0,26,Southampton
174,1st,0,male,32.5,0,0,211.5,Cherbourg
175,1st,0,male,58,0,0,29.7000008,Cherbourg
176,1st,0,male,41,1,0,51.8624992,Southampton
177,1st,1,female,NA,1,0,51.8624992,Southampton
178,1st,1,male,42,1,0,52.5541992,Southampton
179,1st,1,female,45,1,0,52.5541992,Southampton
180,1st,0,male,NA,0,0,26.5499992,Southampton
181,1st,1,female,39,0,0,211.337494,Southampton
182,1st,1,female,49,0,0,25.9291992,Southampton
183,1st,1,female,30,0,0,106.425003,Cherbourg
184,1st,1,male,35,0,0,512.329224,Cherbourg
185,1st,0,male,NA,0,0,27.7208004,Cherbourg
186,1st,0,male,42,0,0,26.5499992,Southampton
187,1st,1,female,55,0,0,27.7208004,Cherbourg
188,1st,1,female,16,0,1,39.4000015,Southampton
189,1st,1,female,51,0,1,39.4000015,Southampton
190,1st,0,male,29,0,0,30,Southampton
191,1st,1,female,21,0,0,77.9582977,Southampton
192,1st,0,male,30,0,0,45.5,Southampton
193,1st,1,female,58,0,0,146.520798,Cherbourg
194,1st,1,female,15,0,1,211.337494,Southampton
195,1st,0,male,30,0,0,26,Southampton
196,1st,1,female,16,0,0,86.5,Southampton
197,1st,1,male,NA,0,0,29.7000008,Cherbourg
198,1st,0,male,19,1,0,53.0999985,Southampton
199,1st,1,female,18,1,0,53.0999985,Southampton
200,1st,1,female,24,0,0,49.5042,Cherbourg
201,1st,0,male,46,0,0,75.2416992,Cherbourg
202,1st,0,male,54,0,0,51.8624992,Southampton
203,1st,1,male,36,0,0,26.2875004,Southampton
204,1st,0,male,28,1,0,82.1707993,Cherbourg
205,1st,1,female,NA,1,0,82.1707993,Cherbourg
206,1st,0,male,65,0,0,26.5499992,Southampton
207,1st,0,male,44,2,0,90,Queenstown
208,1st,1,female,33,1,0,90,Queenstown
209,1st,1,female,37,1,0,90,Queenstown
210,1st,1,male,30,1,0,57.75,Cherbourg
211,1st,0,male,55,0,0,30.5,Southampton
212,1st,0,male,47,0,0,42.4000015,Southampton
213,1st,0,male,37,0,1,29.7000008,Cherbourg
214,1st,1,female,31,1,0,113.275002,Cherbourg
215,1st,1,female,23,1,0,113.275002,Cherbourg
216,1st,0,male,58,0,2,113.275002,Cherbourg
217,1st,1,female,19,0,2,26.2833004,Southampton
218,1st,0,male,64,0,0,26,Southampton
219,1st,1,female,39,0,0,108.900002,Cherbourg
220,1st,1,male,NA,0,0,25.7416992,Cherbourg
221,1st,1,female,22,0,1,61.9791985,Cherbourg
222,1st,0,male,65,0,1,61.9791985,Cherbourg
223,1st,0,male,28.5,0,0,27.7208004,Cherbourg
224,1st,0,male,NA,0,0,0,Southampton
225,1st,0,male,45.5,0,0,28.5,Southampton
226,1st,0,male,23,0,0,93.5,Southampton
227,1st,0,male,29,1,0,66.5999985,Southampton
228,1st,1,female,22,1,0,66.5999985,Southampton
229,1st,0,male,18,1,0,108.900002,Cherbourg
230,1st,1,female,17,1,0,108.900002,Cherbourg
231,1st,1,female,30,0,0,93.5,Southampton
232,1st,1,male,52,0,0,30.5,Southampton
233,1st,0,male,47,0,0,52,Southampton
234,1st,1,female,56,0,1,83.1583023,Cherbourg
235,1st,0,male,38,0,0,0,Southampton
236,1st,1,male,NA,0,0,39.5999985,Southampton
237,1st,0,male,22,0,0,135.633301,Cherbourg
238,1st,0,male,NA,0,0,227.524994,Cherbourg
239,1st,1,female,43,0,1,211.337494,Southampton
240,1st,0,male,31,0,0,50.4958,Southampton
241,1st,1,male,45,0,0,26.5499992,Southampton
242,1st,0,male,NA,0,0,50,Southampton
243,1st,1,female,33,0,0,27.7208004,Cherbourg
244,1st,0,male,46,0,0,79.1999969,Cherbourg
245,1st,0,male,36,0,0,40.125,Cherbourg
246,1st,1,female,33,0,0,86.5,Southampton
247,1st,0,male,55,1,0,59.4000015,Cherbourg
248,1st,1,female,54,1,0,59.4000015,Cherbourg
249,1st,0,male,33,0,0,26.5499992,Southampton
250,1st,1,male,13,2,2,262.375,Cherbourg
251,1st,1,female,18,2,2,262.375,Cherbourg
252,1st,1,female,21,2,2,262.375,Cherbourg
253,1st,0,male,61,1,3,262.375,Cherbourg
254,1st,1,female,48,1,3,262.375,Cherbourg
255,1st,1,male,NA,0,0,30.5,Southampton
256,1st,1,female,24,0,0,69.3000031,Cherbourg
257,1st,1,male,NA,0,0,26,Southampton
258,1st,1,female,35,1,0,57.75,Cherbourg
259,1st,1,female,30,0,0,31,Cherbourg
260,1st,1,male,34,0,0,26.5499992,Southampton
261,1st,1,female,40,0,0,153.462494,Southampton
262,1st,1,male,35,0,0,26.2875004,Southampton
263,1st,0,male,50,1,0,55.9000015,Southampton
264,1st,1,female,39,1,0,55.9000015,Southampton
265,1st,1,male,56,0,0,35.5,Cherbourg
266,1st,1,male,28,0,0,35.5,Southampton
267,1st,0,male,56,0,0,26.5499992,Southampton
268,1st,0,male,56,0,0,30.6958008,Cherbourg
269,1st,0,male,24,1,0,60,Southampton
270,1st,0,male,NA,0,0,26,Southampton
271,1st,1,female,18,1,0,60,Southampton
272,1st,1,male,24,1,0,82.2667007,Southampton
273,1st,1,female,23,1,0,82.2667007,Southampton
274,1st,1,male,6,0,2,134.5,Cherbourg
275,1st,1,male,45,1,1,134.5,Cherbourg
276,1st,1,female,40,1,1,134.5,Cherbourg
277,1st,0,male,57,1,0,146.520798,Cherbourg
278,1st,1,female,NA,1,0,146.520798,Cherbourg
279,1st,1,male,32,0,0,30.5,Cherbourg
280,1st,0,male,62,0,0,26.5499992,Southampton
281,1st,1,male,54,1,0,55.4417,Cherbourg
282,1st,1,female,43,1,0,55.4417,Cherbourg
283,1st,1,female,52,1,0,78.2667007,Cherbourg
284,1st,0,male,NA,0,0,27.7208004,Cherbourg
285,1st,1,female,62,0,0,80,NA
286,1st,0,male,67,1,0,221.779205,Southampton
287,1st,0,female,63,1,0,221.779205,Southampton
288,1st,0,male,61,0,0,32.3208008,Southampton
289,1st,1,female,48,0,0,25.9291992,Southampton
290,1st,1,female,18,0,2,79.6500015,Southampton
291,1st,0,male,52,1,1,79.6500015,Southampton
292,1st,1,female,39,1,1,79.6500015,Southampton
293,1st,1,male,48,1,0,52,Southampton
294,1st,1,female,NA,1,0,52,Southampton
295,1st,0,male,49,1,1,110.883301,Cherbourg
296,1st,1,male,17,0,2,110.883301,Cherbourg
297,1st,1,female,39,1,1,110.883301,Cherbourg
298,1st,1,female,NA,0,0,79.1999969,Cherbourg
299,1st,1,male,31,0,0,28.5375004,Cherbourg
300,1st,0,male,40,0,0,27.7208004,Cherbourg
301,1st,0,male,61,0,0,33.5,Southampton
302,1st,0,male,47,0,0,34.0208015,Southampton
303,1st,1,female,35,0,0,512.329224,Cherbourg
304,1st,0,male,64,1,0,75.25,Cherbourg
305,1st,1,female,60,1,0,75.25,Cherbourg
306,1st,0,male,60,0,0,26.5499992,Southampton
307,1st,0,male,54,0,1,77.2874985,Southampton
308,1st,0,male,21,0,1,77.2874985,Southampton
309,1st,1,female,55,0,0,135.633301,Cherbourg
310,1st,1,female,31,0,2,164.866699,Southampton
311,1st,0,male,57,1,1,164.866699,Southampton
312,1st,1,female,45,1,1,164.866699,Southampton
313,1st,0,male,50,1,1,211.5,Cherbourg
314,1st,0,male,27,0,2,211.5,Cherbourg
315,1st,1,female,50,1,1,211.5,Cherbourg
316,1st,1,female,21,0,0,26.5499992,Southampton
317,1st,0,male,51,0,1,61.3792,Cherbourg
318,1st,1,male,21,0,1,61.3792,Cherbourg
319,1st,0,male,NA,0,0,35,Southampton
320,1st,1,female,31,0,0,134.5,Cherbourg
321,1st,1,male,NA,0,0,35.5,Southampton
322,1st,0,male,62,0,0,26.5499992,Southampton
323,1st,1,female,36,0,0,135.633301,Cherbourg
324,2nd,0,male,30,1,0,24,Cherbourg
325,2nd,1,female,28,1,0,24,Cherbourg
326,2nd,0,male,30,0,0,13,Southampton
327,2nd,0,male,18,0,0,11.5,Southampton
328,2nd,0,male,25,0,0,10.5,Southampton
329,2nd,0,male,34,1,0,26,Southampton
330,2nd,1,female,36,1,0,26,Southampton
331,2nd,0,male,57,0,0,13,Southampton
332,2nd,0,male,18,0,0,11.5,Southampton
333,2nd,0,male,23,0,0,10.5,Southampton
334,2nd,1,female,36,0,0,13,Southampton
335,2nd,0,male,28,0,0,10.5,Southampton
336,2nd,0,male,51,0,0,12.5249996,Southampton
337,2nd,1,male,32,1,0,26,Southampton
338,2nd,1,female,19,1,0,26,Southampton
339,2nd,0,male,28,0,0,26,Southampton
340,2nd,1,male,1,2,1,39,Southampton
341,2nd,1,female,4,2,1,39,Southampton
342,2nd,1,female,12,2,1,39,Southampton
343,2nd,1,female,36,0,3,39,Southampton
344,2nd,1,male,34,0,0,13,Southampton
345,2nd,1,female,19,0,0,13,Southampton
346,2nd,0,male,23,0,0,13,Southampton
347,2nd,0,male,26,0,0,13,Southampton
348,2nd,0,male,42,0,0,13,Southampton
349,2nd,0,male,27,0,0,13,Southampton
350,2nd,1,female,24,0,0,13,Southampton
351,2nd,1,female,15,0,2,39,Southampton
352,2nd,0,male,60,1,1,39,Southampton
353,2nd,1,female,40,1,1,39,Southampton
354,2nd,1,female,20,1,0,26,Southampton
355,2nd,0,male,25,1,0,26,Southampton
356,2nd,1,female,36,0,0,13,Southampton
357,2nd,0,male,25,0,0,13,Southampton
358,2nd,0,male,42,0,0,13,Southampton
359,2nd,1,female,42,0,0,13,Southampton
360,2nd,1,male,0.833299994,0,2,29,Southampton
361,2nd,1,male,26,1,1,29,Southampton
362,2nd,1,female,22,1,1,29,Southampton
363,2nd,1,female,35,0,0,21,Southampton
364,2nd,0,male,NA,0,0,0,Southampton
365,2nd,0,male,19,0,0,13,Southampton
366,2nd,0,female,44,1,0,26,Southampton
367,2nd,0,male,54,1,0,26,Southampton
368,2nd,0,male,52,0,0,13.5,Southampton
369,2nd,0,male,37,1,0,26,Southampton
370,2nd,0,female,29,1,0,26,Southampton
371,2nd,1,female,25,1,1,30,Southampton
372,2nd,1,female,45,0,2,30,Southampton
373,2nd,0,male,29,1,0,26,Southampton
374,2nd,1,female,28,1,0,26,Southampton
375,2nd,0,male,29,0,0,10.5,Southampton
376,2nd,0,male,28,0,0,13,Southampton
377,2nd,1,male,24,0,0,10.5,Southampton
378,2nd,1,female,8,0,2,26.25,Southampton
379,2nd,0,male,31,1,1,26.25,Southampton
380,2nd,1,female,31,1,1,26.25,Southampton
381,2nd,1,female,22,0,0,10.5,Southampton
382,2nd,0,female,30,0,0,13,Southampton
383,2nd,0,female,NA,0,0,21,Southampton
384,2nd,0,male,21,0,0,11.5,Southampton
385,2nd,0,male,NA,0,0,0,Southampton
386,2nd,1,male,8,1,1,36.75,Southampton
387,2nd,0,male,18,0,0,73.5,Southampton
388,2nd,1,female,48,0,2,36.75,Southampton
389,2nd,1,female,28,0,0,13,Southampton
390,2nd,0,male,32,0,0,13,Southampton
391,2nd,0,male,17,0,0,73.5,Southampton
392,2nd,0,male,29,1,0,27.7208004,Cherbourg
393,2nd,1,female,24,1,0,27.7208004,Cherbourg
394,2nd,0,male,25,0,0,31.5,Southampton
395,2nd,0,male,18,0,0,73.5,Southampton
396,2nd,1,female,18,0,1,23,Southampton
397,2nd,1,female,34,0,1,23,Southampton
398,2nd,0,male,54,0,0,26,Southampton
399,2nd,1,male,8,0,2,32.5,Southampton
400,2nd,0,male,42,1,1,32.5,Southampton
401,2nd,1,female,34,1,1,32.5,Southampton
402,2nd,1,female,27,1,0,13.8583002,Cherbourg
403,2nd,1,female,30,1,0,13.8583002,Cherbourg
404,2nd,0,male,23,0,0,13,Southampton
405,2nd,0,male,21,0,0,13,Southampton
406,2nd,0,male,18,0,0,13,Southampton
407,2nd,0,male,40,1,0,26,Southampton
408,2nd,1,female,29,1,0,26,Southampton
409,2nd,0,male,18,0,0,10.5,Southampton
410,2nd,0,male,36,0,0,13,Southampton
411,2nd,0,male,NA,0,0,0,Southampton
412,2nd,0,female,38,0,0,13,Southampton
413,2nd,0,male,35,0,0,26,Southampton
414,2nd,0,male,38,1,0,21,Southampton
415,2nd,0,male,34,1,0,21,Southampton
416,2nd,1,female,34,0,0,13,Southampton
417,2nd,0,male,16,0,0,26,Southampton
418,2nd,0,male,26,0,0,10.5,Southampton
419,2nd,0,male,47,0,0,10.5,Southampton
420,2nd,0,male,21,1,0,11.5,Southampton
421,2nd,0,male,21,1,0,11.5,Southampton
422,2nd,0,male,24,0,0,13.5,Southampton
423,2nd,0,male,24,0,0,13,Southampton
424,2nd,0,male,34,0,0,13,Southampton
425,2nd,0,male,30,0,0,13,Southampton
426,2nd,0,male,52,0,0,13,Southampton
427,2nd,0,male,30,0,0,13,Southampton
428,2nd,1,male,0.666700006,1,1,14.5,Southampton
429,2nd,1,female,24,0,2,14.5,Southampton
430,2nd,0,male,44,0,0,13,Southampton
431,2nd,1,female,6,0,1,33,Southampton
432,2nd,0,male,28,0,1,33,Southampton
433,2nd,1,male,62,0,0,10.5,Southampton
434,2nd,0,male,30,0,0,10.5,Southampton
435,2nd,1,female,7,0,2,26.25,Southampton
436,2nd,0,male,43,1,1,26.25,Southampton
437,2nd,1,female,45,1,1,26.25,Southampton
438,2nd,1,female,24,1,2,65,Southampton
439,2nd,1,female,24,1,2,65,Southampton
440,2nd,0,male,49,1,2,65,Southampton
441,2nd,1,female,48,1,2,65,Southampton
442,2nd,1,female,55,0,0,16,Southampton
443,2nd,0,male,24,2,0,73.5,Southampton
444,2nd,0,male,32,2,0,73.5,Southampton
445,2nd,0,male,21,2,0,73.5,Southampton
446,2nd,0,female,18,1,1,13,Southampton
447,2nd,1,female,20,2,1,23,Southampton
448,2nd,0,male,23,2,1,11.5,Southampton
449,2nd,0,male,36,0,0,13,Southampton
450,2nd,1,female,54,1,3,23,Southampton
451,2nd,0,male,50,0,0,13,Southampton
452,2nd,0,male,44,1,0,26,Southampton
453,2nd,1,female,29,1,0,26,Southampton
454,2nd,0,male,21,0,0,73.5,Southampton
455,2nd,1,male,42,0,0,13,Southampton
456,2nd,0,male,63,1,0,26,Southampton
457,2nd,0,female,60,1,0,26,Southampton
458,2nd,0,male,33,0,0,12.2749996,Southampton
459,2nd,1,female,17,0,0,10.5,Southampton
460,2nd,0,male,42,1,0,27,Southampton
461,2nd,1,female,24,2,1,27,Southampton
462,2nd,0,male,47,0,0,15,Southampton
463,2nd,0,male,24,2,0,31.5,Southampton
464,2nd,0,male,22,2,0,31.5,Southampton
465,2nd,0,male,32,0,0,10.5,Southampton
466,2nd,1,female,23,0,0,13.7917004,Cherbourg
467,2nd,0,male,34,1,0,26,Southampton
468,2nd,1,female,24,1,0,26,Southampton
469,2nd,0,female,22,0,0,21,Southampton
470,2nd,1,female,NA,0,0,12.3500004,Queenstown
471,2nd,0,male,35,0,0,12.3500004,Queenstown
472,2nd,1,female,45,0,0,13.5,Southampton
473,2nd,0,male,57,0,0,12.3500004,Queenstown
474,2nd,0,male,NA,0,0,0,Southampton
475,2nd,0,male,31,0,0,10.5,Southampton
476,2nd,0,female,26,1,1,26,Southampton
477,2nd,0,male,30,1,1,26,Southampton
478,2nd,0,male,NA,0,0,10.7082996,Queenstown
479,2nd,1,female,1,1,2,41.5792007,Cherbourg
480,2nd,1,female,3,1,2,41.5792007,Cherbourg
481,2nd,0,male,25,1,2,41.5792007,Cherbourg
482,2nd,1,female,22,1,2,41.5792007,Cherbourg
483,2nd,1,female,17,0,0,12,Cherbourg
484,2nd,1,female,NA,0,0,33,Southampton
485,2nd,1,female,34,0,0,10.5,Southampton
486,2nd,0,male,36,0,0,12.875,Cherbourg
487,2nd,0,male,24,0,0,10.5,Southampton
488,2nd,0,male,61,0,0,12.3500004,Queenstown
489,2nd,0,male,50,1,0,26,Southampton
490,2nd,1,female,42,1,0,26,Southampton
491,2nd,0,female,57,0,0,10.5,Southampton
492,2nd,0,male,NA,0,0,15.0458002,Cherbourg
493,2nd,1,male,1,0,2,37.0042,Cherbourg
494,2nd,0,male,31,1,1,37.0042,Cherbourg
495,2nd,1,female,24,1,1,37.0042,Cherbourg
496,2nd,0,male,NA,0,0,15.5791998,Cherbourg
497,2nd,0,male,30,0,0,13,Southampton
498,2nd,0,male,40,0,0,16,Southampton
499,2nd,0,male,32,0,0,13.5,Southampton
500,2nd,0,male,30,0,0,13,Southampton
501,2nd,0,male,46,0,0,26,Southampton
502,2nd,1,female,13,0,1,19.5,Southampton
503,2nd,1,female,41,0,1,19.5,Southampton
504,2nd,1,male,19,0,0,10.5,Southampton
505,2nd,0,male,39,0,0,13,Southampton
506,2nd,0,male,48,0,0,13,Southampton
507,2nd,0,male,70,0,0,10.5,Southampton
508,2nd,0,male,27,0,0,13,Southampton
509,2nd,0,male,54,0,0,14,Southampton
510,2nd,0,male,39,0,0,26,Southampton
511,2nd,0,male,16,0,0,10.5,Southampton
512,2nd,0,male,62,0,0,9.6875,Queenstown
513,2nd,0,male,32.5,1,0,30.0708008,Cherbourg
514,2nd,1,female,14,1,0,30.0708008,Cherbourg
515,2nd,1,male,2,1,1,26,Southampton
516,2nd,1,male,3,1,1,26,Southampton
517,2nd,0,male,36.5,0,2,26,Southampton
518,2nd,0,male,26,0,0,13,Southampton
519,2nd,0,male,19,1,1,36.75,Southampton
520,2nd,0,male,28,0,0,13.5,Southampton
521,2nd,1,male,20,0,0,13.8625002,Cherbourg
522,2nd,1,female,29,0,0,10.5,Southampton
523,2nd,0,male,39,0,0,13,Southampton
524,2nd,1,male,22,0,0,10.5,Southampton
525,2nd,1,male,NA,0,0,13.8625002,Cherbourg
526,2nd,0,male,23,0,0,10.5,Southampton
527,2nd,1,male,29,0,0,13.8583002,Cherbourg
528,2nd,0,male,28,0,0,10.5,Southampton
529,2nd,0,male,NA,0,0,0,Southampton
530,2nd,1,female,50,0,1,26,Southampton
531,2nd,0,male,19,0,0,10.5,Southampton
532,2nd,0,male,NA,0,0,15.0500002,Cherbourg
533,2nd,0,male,41,0,0,13,Southampton
534,2nd,1,female,21,0,1,21,Southampton
535,2nd,1,female,19,0,0,26,Southampton
536,2nd,0,male,43,0,1,21,Southampton
537,2nd,1,female,32,0,0,13,Southampton
538,2nd,0,male,34,0,0,13,Southampton
539,2nd,1,male,30,0,0,12.7375002,Cherbourg
540,2nd,0,male,27,0,0,15.0333004,Cherbourg
541,2nd,1,female,2,1,1,26,Southampton
542,2nd,1,female,8,1,1,26,Southampton
543,2nd,1,female,33,0,2,26,Southampton
544,2nd,0,male,36,0,0,10.5,Southampton
545,2nd,0,male,34,1,0,21,Southampton
546,2nd,1,female,30,3,0,21,Southampton
547,2nd,1,female,28,0,0,13,Southampton
548,2nd,0,male,23,0,0,15.0458002,Cherbourg
549,2nd,1,male,0.833299994,1,1,18.75,Southampton
550,2nd,1,male,3,1,1,18.75,Southampton
551,2nd,1,female,24,2,3,18.75,Southampton
552,2nd,1,female,50,0,0,10.5,Southampton
553,2nd,0,male,19,0,0,10.5,Southampton
554,2nd,1,female,21,0,0,10.5,Southampton
555,2nd,0,male,26,0,0,13,Southampton
556,2nd,0,male,25,0,0,13,Southampton
557,2nd,0,male,27,0,0,26,Southampton
558,2nd,1,female,25,0,1,26,Southampton
559,2nd,1,female,18,0,2,13,Southampton
560,2nd,1,female,20,0,0,36.75,Southampton
561,2nd,1,female,30,0,0,13,Southampton
562,2nd,0,male,59,0,0,13.5,Southampton
563,2nd,1,female,30,0,0,12.3500004,Queenstown
564,2nd,0,male,35,0,0,10.5,Southampton
565,2nd,1,female,40,0,0,13,Southampton
566,2nd,0,male,25,0,0,13,Southampton
567,2nd,0,male,41,0,0,15.0458002,Cherbourg
568,2nd,0,male,25,0,0,10.5,Southampton
569,2nd,0,male,18.5,0,0,13,Southampton
570,2nd,0,male,14,0,0,65,Southampton
571,2nd,1,female,50,0,0,10.5,Southampton
572,2nd,0,male,23,0,0,13,Southampton
573,2nd,1,female,28,0,0,12.6499996,Southampton
574,2nd,1,female,27,0,0,10.5,Southampton
575,2nd,0,male,29,1,0,21,Southampton
576,2nd,0,female,27,1,0,21,Southampton
577,2nd,0,male,40,0,0,13,Southampton
578,2nd,1,female,31,0,0,21,Southampton
579,2nd,0,male,30,1,0,21,Southampton
580,2nd,0,male,23,1,0,10.5,Southampton
581,2nd,1,female,31,0,0,21,Southampton
582,2nd,0,male,NA,0,0,0,Southampton
583,2nd,1,female,12,0,0,15.75,Southampton
584,2nd,1,female,40,0,0,15.75,Southampton
585,2nd,1,female,32.5,0,0,13,Southampton
586,2nd,0,male,27,1,0,26,Southampton
587,2nd,1,female,29,1,0,26,Southampton
588,2nd,1,male,2,1,1,23,Southampton
589,2nd,1,female,4,1,1,23,Southampton
590,2nd,1,female,29,0,2,23,Southampton
591,2nd,1,female,0.916700006,1,2,27.75,Southampton
592,2nd,1,female,5,1,2,27.75,Southampton
593,2nd,0,male,36,1,2,27.75,Southampton
594,2nd,1,female,33,1,2,27.75,Southampton
595,2nd,0,male,66,0,0,10.5,Southampton
596,2nd,0,male,NA,0,0,12.875,Southampton
597,2nd,1,male,31,0,0,13,Southampton
598,2nd,1,male,NA,0,0,13,Southampton
599,2nd,1,female,26,0,0,13.5,Southampton
600,2nd,0,female,24,0,0,13,Southampton
601,3rd,0,male,42,0,0,7.55000019,Southampton
602,3rd,0,male,13,0,2,20.25,Southampton
603,3rd,0,male,16,1,1,20.25,Southampton
604,3rd,1,female,35,1,1,20.25,Southampton
605,3rd,1,female,16,0,0,7.6500001,Southampton
606,3rd,1,male,25,0,0,7.6500001,Southampton
607,3rd,1,male,20,0,0,7.92500019,Southampton
608,3rd,1,female,18,0,0,7.22919989,Cherbourg
609,3rd,0,male,30,0,0,7.25,Southampton
610,3rd,0,male,26,0,0,8.05000019,Southampton
611,3rd,0,female,40,1,0,9.47500038,Southampton
612,3rd,1,male,0.833299994,0,1,9.35000038,Southampton
613,3rd,1,female,18,0,1,9.35000038,Southampton
614,3rd,1,male,26,0,0,18.7875004,Cherbourg
615,3rd,0,male,26,0,0,7.88749981,Southampton
616,3rd,0,male,20,0,0,7.92500019,Southampton
617,3rd,0,male,24,0,0,7.05000019,Southampton
618,3rd,0,male,25,0,0,7.05000019,Southampton
619,3rd,0,male,35,0,0,8.05000019,Southampton
620,3rd,0,male,18,0,0,8.30000019,Southampton
621,3rd,0,male,32,0,0,22.5249996,Southampton
622,3rd,1,female,19,1,0,7.85419989,Southampton
623,3rd,0,male,4,4,2,31.2749996,Southampton
624,3rd,0,female,6,4,2,31.2749996,Southampton
625,3rd,0,female,2,4,2,31.2749996,Southampton
626,3rd,1,female,17,4,2,7.92500019,Southampton
627,3rd,0,female,38,4,2,7.7750001,Southampton
628,3rd,0,female,9,4,2,31.2749996,Southampton
629,3rd,0,female,11,4,2,31.2749996,Southampton
630,3rd,0,male,39,1,5,31.2749996,Southampton
631,3rd,1,male,27,0,0,7.79580021,Southampton
632,3rd,0,male,26,0,0,7.7750001,Southampton
633,3rd,0,female,39,1,5,31.2749996,Southampton
634,3rd,0,male,20,0,0,7.85419989,Southampton
635,3rd,0,male,26,0,0,7.89580011,Southampton
636,3rd,0,male,25,1,0,17.7999992,Southampton
637,3rd,0,female,18,1,0,17.7999992,Southampton
638,3rd,0,male,24,0,0,7.7750001,Southampton
639,3rd,0,male,35,0,0,7.05000019,Southampton
640,3rd,0,male,5,4,2,31.3875008,Southampton
641,3rd,0,male,9,4,2,31.3875008,Southampton
642,3rd,1,male,3,4,2,31.3875008,Southampton
643,3rd,0,male,13,4,2,31.3875008,Southampton
644,3rd,1,female,5,4,2,31.3875008,Southampton
645,3rd,0,male,40,1,5,31.3875008,Southampton
646,3rd,1,male,23,0,0,7.79580021,Southampton
647,3rd,1,female,38,1,5,31.3875008,Southampton
648,3rd,1,female,45,0,0,7.2249999,Cherbourg
649,3rd,0,male,21,0,0,7.2249999,Cherbourg
650,3rd,0,male,23,0,0,7.05000019,Southampton
651,3rd,0,female,17,0,0,14.4582996,Cherbourg
652,3rd,0,male,30,0,0,7.2249999,Cherbourg
653,3rd,0,male,23,0,0,7.85419989,Southampton
654,3rd,1,female,13,0,0,7.22919989,Cherbourg
655,3rd,0,male,20,0,0,7.2249999,Cherbourg
656,3rd,0,male,32,1,0,15.8500004,Southampton
657,3rd,1,female,33,3,0,15.8500004,Southampton
658,3rd,1,female,0.75,2,1,19.2583008,Cherbourg
659,3rd,1,female,0.75,2,1,19.2583008,Cherbourg
660,3rd,1,female,5,2,1,19.2583008,Cherbourg
661,3rd,1,female,24,0,3,19.2583008,Cherbourg
662,3rd,1,female,18,0,0,8.05000019,Southampton
663,3rd,0,male,40,0,0,7.2249999,Cherbourg
664,3rd,0,male,26,0,0,7.89580011,Southampton
665,3rd,1,male,20,0,0,7.22919989,Cherbourg
666,3rd,0,female,18,0,1,14.4541998,Cherbourg
667,3rd,0,female,45,0,1,14.4541998,Cherbourg
668,3rd,0,female,27,0,0,7.87919998,Queenstown
669,3rd,0,male,22,0,0,8.05000019,Southampton
670,3rd,0,male,19,0,0,8.05000019,Southampton
671,3rd,0,male,26,0,0,7.7750001,Southampton
672,3rd,0,male,22,0,0,9.35000038,Southampton
673,3rd,0,male,NA,0,0,7.22919989,Cherbourg
674,3rd,0,male,20,0,0,4.01249981,Cherbourg
675,3rd,1,male,32,0,0,56.4958,Southampton
676,3rd,0,male,21,0,0,7.7750001,Southampton
677,3rd,0,male,18,0,0,7.75,Southampton
678,3rd,0,male,26,0,0,7.89580011,Southampton
679,3rd,0,male,6,1,1,15.2458,Cherbourg
680,3rd,0,female,9,1,1,15.2458,Cherbourg
681,3rd,0,male,NA,0,0,7.2249999,Cherbourg
682,3rd,0,female,NA,0,2,15.2458,Cherbourg
683,3rd,0,female,NA,0,2,7.75,Queenstown
684,3rd,0,male,40,1,1,15.5,Queenstown
685,3rd,0,female,32,1,1,15.5,Queenstown
686,3rd,0,male,21,0,0,16.1000004,Southampton
687,3rd,1,female,22,0,0,7.7249999,Queenstown
688,3rd,0,female,20,0,0,7.85419989,Southampton
689,3rd,0,male,29,1,0,7.04580021,Southampton
690,3rd,0,male,22,1,0,7.25,Southampton
691,3rd,0,male,22,0,0,7.79580021,Southampton
692,3rd,0,male,35,0,0,8.05000019,Southampton
693,3rd,0,female,18.5,0,0,7.28329992,Queenstown
694,3rd,1,male,21,0,0,7.82079983,Queenstown
695,3rd,0,male,19,0,0,6.75,Queenstown
696,3rd,0,female,18,0,0,7.87919998,Queenstown
697,3rd,0,female,21,0,0,8.66250038,Southampton
698,3rd,0,female,30,0,0,8.66250038,Southampton
699,3rd,0,male,18,0,0,8.66250038,Southampton
700,3rd,0,male,38,0,0,8.66250038,Southampton
701,3rd,0,male,17,0,0,8.66250038,Southampton
702,3rd,0,male,17,0,0,8.66250038,Southampton
703,3rd,0,female,21,0,0,7.75,Queenstown
704,3rd,0,male,21,0,0,7.75,Queenstown
705,3rd,0,male,21,0,0,8.05000019,Southampton
706,3rd,0,male,NA,1,0,14.4582996,Cherbourg
707,3rd,0,female,NA,1,0,14.4582996,Cherbourg
708,3rd,0,male,28,0,0,7.79580021,Southampton
709,3rd,0,male,24,0,0,7.85419989,Southampton
710,3rd,1,female,16,0,0,7.75,Queenstown
711,3rd,0,female,37,0,0,7.75,Queenstown
712,3rd,0,male,28,0,0,7.25,Southampton
713,3rd,0,male,24,0,0,8.05000019,Southampton
714,3rd,0,male,21,0,0,7.73330021,Queenstown
715,3rd,1,male,32,0,0,56.4958,Southampton
716,3rd,0,male,29,0,0,8.05000019,Southampton
717,3rd,0,male,26,1,0,14.4541998,Cherbourg
718,3rd,0,male,18,1,0,14.4541998,Cherbourg
719,3rd,0,male,20,0,0,7.05000019,Southampton
720,3rd,1,male,18,0,0,8.05000019,Southampton
721,3rd,0,male,24,0,0,7.25,Queenstown
722,3rd,0,male,36,0,0,7.49580002,Southampton
723,3rd,0,male,24,0,0,7.49580002,Southampton
724,3rd,0,male,31,0,0,7.73330021,Queenstown
725,3rd,0,male,31,0,0,7.75,Queenstown
726,3rd,1,female,22,0,0,7.75,Queenstown
727,3rd,0,female,30,0,0,7.62919998,Queenstown
728,3rd,0,male,70.5,0,0,7.75,Queenstown
729,3rd,0,male,43,0,0,8.05000019,Southampton
730,3rd,0,male,35,0,0,7.89580011,Southampton
731,3rd,0,male,27,0,0,7.89580011,Southampton
732,3rd,0,male,19,0,0,7.89580011,Southampton
733,3rd,0,male,30,0,0,8.05000019,Southampton
734,3rd,1,male,9,1,1,15.8999996,Southampton
735,3rd,1,male,3,1,1,15.8999996,Southampton
736,3rd,1,female,36,0,2,15.8999996,Southampton
737,3rd,0,male,59,0,0,7.25,Southampton
738,3rd,0,male,19,0,0,8.1583004,Southampton
739,3rd,1,female,17,0,1,16.1000004,Southampton
740,3rd,0,male,44,0,1,16.1000004,Southampton
741,3rd,0,male,17,0,0,8.66250038,Southampton
742,3rd,0,male,22.5,0,0,7.2249999,Cherbourg
743,3rd,1,male,45,0,0,8.05000019,Southampton
744,3rd,0,female,22,0,0,10.5166998,Southampton
745,3rd,0,male,19,0,0,10.1708002,Southampton
746,3rd,1,female,30,0,0,6.94999981,Queenstown
747,3rd,1,male,29,0,0,7.75,Queenstown
748,3rd,0,male,0.333299994,0,2,14.3999996,Southampton
749,3rd,0,male,34,1,1,14.3999996,Southampton
750,3rd,0,female,28,1,1,14.3999996,Southampton
751,3rd,0,male,27,0,0,7.89580011,Southampton
752,3rd,0,male,25,0,0,7.89580011,Southampton
753,3rd,0,male,24,2,0,24.1499996,Southampton
754,3rd,0,male,22,0,0,8.05000019,Southampton
755,3rd,0,male,21,2,0,24.1499996,Southampton
756,3rd,0,male,17,2,0,8.05000019,Southampton
757,3rd,0,male,NA,1,0,16.1000004,Southampton
758,3rd,1,female,NA,1,0,16.1000004,Southampton
759,3rd,1,male,36.5,1,0,17.3999996,Southampton
760,3rd,1,female,36,1,0,17.3999996,Southampton
761,3rd,1,male,30,0,0,9.5,Southampton
762,3rd,0,male,16,0,0,9.5,Southampton
763,3rd,1,male,1,1,2,20.5750008,Southampton
764,3rd,1,female,0.166700006,1,2,20.5750008,Southampton
765,3rd,0,male,26,1,2,20.5750008,Southampton
766,3rd,1,female,33,1,2,20.5750008,Southampton
767,3rd,0,male,25,0,0,7.89580011,Southampton
768,3rd,0,male,NA,0,0,7.89580011,Southampton
769,3rd,0,male,NA,0,0,7.89580011,Southampton
770,3rd,0,male,22,0,0,7.25,Southampton
771,3rd,0,male,36,0,0,7.25,Southampton
772,3rd,1,female,19,0,0,7.87919998,Queenstown
773,3rd,0,male,17,0,0,7.89580011,Southampton
774,3rd,0,male,42,0,0,8.66250038,Southampton
775,3rd,0,male,43,0,0,7.89580011,Southampton
776,3rd,0,male,NA,0,0,7.22919989,Cherbourg
777,3rd,0,male,32,0,0,7.75,Queenstown
778,3rd,1,male,19,0,0,8.05000019,Southampton
779,3rd,1,female,30,0,0,12.4750004,Southampton
780,3rd,0,female,24,0,0,7.75,Queenstown
781,3rd,1,female,23,0,0,8.05000019,Southampton
782,3rd,0,male,33,0,0,7.89580011,Cherbourg
783,3rd,0,male,65,0,0,7.75,Queenstown
784,3rd,1,male,24,0,0,7.55000019,Southampton
785,3rd,0,male,23,1,0,13.8999996,Southampton
786,3rd,1,female,22,1,0,13.8999996,Southampton
787,3rd,0,male,18,0,0,7.7750001,Southampton
788,3rd,0,male,16,0,0,7.7750001,Southampton
789,3rd,0,male,45,0,0,6.9749999,Southampton
790,3rd,0,male,NA,0,0,7.2249999,Cherbourg
791,3rd,0,male,39,0,2,7.22919989,Cherbourg
792,3rd,0,male,17,1,1,7.22919989,Cherbourg
793,3rd,0,male,15,1,1,7.22919989,Cherbourg
794,3rd,0,male,47,0,0,7.25,Southampton
795,3rd,1,female,5,0,0,12.4750004,Southampton
796,3rd,0,male,NA,0,0,7.2249999,Cherbourg
797,3rd,0,male,40.5,0,0,15.1000004,Southampton
798,3rd,0,male,40.5,0,0,7.75,Queenstown
799,3rd,1,male,NA,0,0,7.05000019,Southampton
800,3rd,0,male,18,0,0,7.79580021,Southampton
801,3rd,0,female,NA,0,0,7.75,Queenstown
802,3rd,0,male,NA,0,0,7.75,Queenstown
803,3rd,0,male,NA,0,0,6.94999981,Queenstown
804,3rd,0,male,26,0,0,7.87919998,Queenstown
805,3rd,0,male,NA,0,0,7.75,Queenstown
806,3rd,1,male,NA,0,0,56.4958,Southampton
807,3rd,0,female,21,2,2,34.375,Southampton
808,3rd,0,female,9,2,2,34.375,Southampton
809,3rd,0,male,NA,0,0,8.05000019,Southampton
810,3rd,0,male,18,2,2,34.375,Southampton
811,3rd,0,male,16,1,3,34.375,Southampton
812,3rd,0,female,48,1,3,34.375,Southampton
813,3rd,0,male,NA,0,0,7.75,Queenstown
814,3rd,0,male,NA,0,0,7.25,Southampton
815,3rd,0,male,25,0,0,7.74170017,Queenstown
816,3rd,0,male,NA,0,0,14.5,Southampton
817,3rd,0,male,NA,0,0,7.89580011,Cherbourg
818,3rd,0,male,22,0,0,8.05000019,Southampton
819,3rd,1,female,16,0,0,7.73330021,Queenstown
820,3rd,1,female,NA,0,0,7.75,Queenstown
821,3rd,1,male,9,0,2,20.5249996,Southampton
822,3rd,0,male,33,1,1,20.5249996,Southampton
823,3rd,0,male,41,0,0,7.8499999,Southampton
824,3rd,1,female,31,1,1,20.5249996,Southampton
825,3rd,0,male,38,0,0,7.05000019,Southampton
826,3rd,0,male,9,5,2,46.9000015,Southampton
827,3rd,0,male,1,5,2,46.9000015,Southampton
828,3rd,0,male,11,5,2,46.9000015,Southampton
829,3rd,0,female,10,5,2,46.9000015,Southampton
830,3rd,0,female,16,5,2,46.9000015,Southampton
831,3rd,0,male,14,5,2,46.9000015,Southampton
832,3rd,0,male,40,1,6,46.9000015,Southampton
833,3rd,0,female,43,1,6,46.9000015,Southampton
834,3rd,0,male,51,0,0,8.05000019,Southampton
835,3rd,0,male,32,0,0,8.36250019,Southampton
836,3rd,0,male,NA,0,0,8.05000019,Southampton
837,3rd,0,male,20,0,0,9.8458004,Southampton
838,3rd,0,male,37,2,0,7.92500019,Southampton
839,3rd,0,male,28,2,0,7.92500019,Southampton
840,3rd,0,male,19,0,0,7.7750001,Southampton
841,3rd,0,female,24,0,0,8.85000038,Southampton
842,3rd,0,female,17,0,0,7.73330021,Queenstown
843,3rd,0,male,NA,1,0,19.9666996,Southampton
844,3rd,0,male,NA,1,0,19.9666996,Southampton
845,3rd,0,male,28,1,0,15.8500004,Southampton
846,3rd,1,female,24,1,0,15.8500004,Southampton
847,3rd,0,male,20,0,0,9.5,Southampton
848,3rd,0,male,23.5,0,0,7.22919989,Cherbourg
849,3rd,0,male,41,2,0,14.1083002,Southampton
850,3rd,0,male,26,1,0,7.85419989,Southampton
851,3rd,0,male,21,0,0,7.85419989,Southampton
852,3rd,1,female,45,1,0,14.1083002,Southampton
853,3rd,0,female,NA,0,0,7.55000019,Southampton
854,3rd,0,male,25,0,0,7.25,Southampton
855,3rd,0,male,NA,0,0,6.85830021,Queenstown
856,3rd,0,male,11,0,0,18.7875004,Cherbourg
857,3rd,1,female,NA,0,0,7.75,Queenstown
858,3rd,1,male,27,0,0,6.9749999,Southampton
859,3rd,1,male,NA,0,0,56.4958,Southampton
860,3rd,0,female,18,0,0,6.75,Queenstown
861,3rd,1,female,26,0,0,7.92500019,Southampton
862,3rd,0,female,23,0,0,7.92500019,Southampton
863,3rd,1,female,22,0,0,8.96249962,Southampton
864,3rd,0,male,28,0,0,7.89580011,Southampton
865,3rd,0,female,28,0,0,7.7750001,Southampton
866,3rd,0,female,NA,0,0,7.75,Queenstown
867,3rd,1,female,2,0,1,12.2875004,Southampton
868,3rd,1,female,22,1,1,12.2875004,Southampton
869,3rd,0,male,43,0,0,6.44999981,Southampton
870,3rd,0,male,28,0,0,22.5249996,Southampton
871,3rd,1,female,27,0,0,7.92500019,Southampton
872,3rd,0,male,NA,0,0,7.75,Queenstown
873,3rd,1,female,NA,0,0,8.05000019,Southampton
874,3rd,0,male,42,0,0,7.6500001,Southampton
875,3rd,1,male,NA,0,0,7.88749981,Southampton
876,3rd,0,male,30,0,0,7.22919989,Cherbourg
877,3rd,0,male,NA,0,0,7.89580011,Southampton
878,3rd,0,female,27,1,0,7.92500019,Southampton
879,3rd,0,female,25,1,0,7.92500019,Southampton
880,3rd,0,male,NA,0,0,7.89580011,Southampton
881,3rd,1,male,29,0,0,7.89580011,Cherbourg
882,3rd,1,male,21,0,0,7.79580021,Southampton
883,3rd,0,male,NA,0,0,7.05000019,Southampton
884,3rd,0,male,20,0,0,7.85419989,Southampton
885,3rd,0,male,48,0,0,7.85419989,Southampton
886,3rd,0,male,17,1,0,7.05420017,Southampton
887,3rd,1,female,NA,0,0,7.75,Queenstown
888,3rd,1,male,NA,0,0,8.11250019,Southampton
889,3rd,0,male,34,0,0,6.49580002,Southampton
890,3rd,1,male,26,0,0,7.7750001,Southampton
891,3rd,0,male,22,0,0,7.79580021,Southampton
892,3rd,0,male,33,0,0,8.6541996,Southampton
893,3rd,0,male,31,0,0,7.7750001,Southampton
894,3rd,0,male,29,0,0,7.85419989,Southampton
895,3rd,1,male,4,1,1,11.1332998,Southampton
896,3rd,1,female,1,1,1,11.1332998,Southampton
897,3rd,0,male,49,0,0,0,Southampton
898,3rd,0,male,33,0,0,7.7750001,Southampton
899,3rd,0,male,19,0,0,0,Southampton
900,3rd,1,female,27,0,2,11.1332998,Southampton
901,3rd,0,male,NA,1,2,23.4500008,Southampton
902,3rd,0,female,NA,1,2,23.4500008,Southampton
903,3rd,0,male,NA,1,2,23.4500008,Southampton
904,3rd,0,female,NA,1,2,23.4500008,Southampton
905,3rd,0,male,23,0,0,7.89580011,Southampton
906,3rd,1,male,32,0,0,7.85419989,Southampton
907,3rd,0,male,27,0,0,7.85419989,Southampton
908,3rd,0,female,20,1,0,9.82499981,Southampton
909,3rd,0,female,21,1,0,9.82499981,Southampton
910,3rd,1,male,32,0,0,7.92500019,Southampton
911,3rd,0,male,17,0,0,7.125,Southampton
912,3rd,0,male,21,0,0,8.43330002,Southampton
913,3rd,0,male,30,0,0,7.89580011,Southampton
914,3rd,1,male,21,0,0,7.79580021,Southampton
915,3rd,0,male,33,0,0,7.85419989,Southampton
916,3rd,0,male,22,0,0,7.52080011,Southampton
917,3rd,1,female,4,0,1,13.4167004,Cherbourg
918,3rd,1,male,39,0,1,13.4167004,Cherbourg
919,3rd,0,male,NA,0,0,7.22919989,Cherbourg
920,3rd,0,male,18.5,0,0,7.22919989,Cherbourg
921,3rd,0,male,NA,0,0,7.75,Queenstown
922,3rd,0,male,NA,0,0,7.25,Southampton
923,3rd,1,female,NA,0,0,7.75,Queenstown
924,3rd,1,female,NA,0,0,7.75,Queenstown
925,3rd,0,male,34.5,0,0,7.82919979,Queenstown
926,3rd,0,male,44,0,0,8.05000019,Southampton
927,3rd,1,male,NA,0,0,7.75,Queenstown
928,3rd,0,male,NA,1,0,14.4541998,Cherbourg
929,3rd,0,female,NA,1,0,14.4541998,Cherbourg
930,3rd,0,male,NA,1,0,7.75,Queenstown
931,3rd,0,male,NA,1,0,7.75,Queenstown
932,3rd,0,male,NA,0,0,7.73750019,Queenstown
933,3rd,0,female,22,2,0,8.66250038,Southampton
934,3rd,0,male,26,2,0,8.66250038,Southampton
935,3rd,1,female,4,0,2,22.0249996,Southampton
936,3rd,1,male,29,3,1,22.0249996,Southampton
937,3rd,1,female,26,1,1,22.0249996,Southampton
938,3rd,0,female,1,1,1,12.1833,Southampton
939,3rd,0,male,18,1,1,7.85419989,Southampton
940,3rd,0,female,36,0,2,12.1833,Southampton
941,3rd,0,male,NA,0,0,7.89580011,Cherbourg
942,3rd,1,male,25,0,0,7.22919989,Cherbourg
943,3rd,0,male,NA,0,0,7.2249999,Cherbourg
944,3rd,0,female,37,0,0,9.58749962,Southampton
945,3rd,0,male,NA,0,0,7.89580011,Southampton
946,3rd,1,male,NA,0,0,56.4958,Southampton
947,3rd,0,male,NA,0,0,56.4958,Southampton
948,3rd,1,female,22,0,0,7.25,Southampton
949,3rd,0,male,NA,0,0,7.75,Queenstown
950,3rd,1,male,26,0,0,56.4958,Southampton
951,3rd,0,male,29,0,0,9.48330021,Southampton
952,3rd,0,male,29,0,0,7.7750001,Southampton
953,3rd,0,male,22,0,0,7.7750001,Southampton
954,3rd,1,male,22,0,0,7.2249999,Cherbourg
955,3rd,0,male,NA,3,1,25.4666996,Southampton
956,3rd,0,female,NA,3,1,25.4666996,Southampton
957,3rd,0,female,NA,3,1,25.4666996,Southampton
958,3rd,0,female,NA,3,1,25.4666996,Southampton
959,3rd,0,female,NA,0,4,25.4666996,Southampton
960,3rd,0,male,32,0,0,7.92500019,Southampton
961,3rd,0,male,34.5,0,0,6.4375,Cherbourg
962,3rd,0,female,NA,1,0,15.5,Queenstown
963,3rd,0,male,NA,1,0,15.5,Queenstown
964,3rd,0,male,36,0,0,0,Southampton
965,3rd,0,male,39,0,0,24.1499996,Southampton
966,3rd,0,male,24,0,0,9.5,Southampton
967,3rd,0,female,25,0,0,7.7750001,Southampton
968,3rd,0,female,45,0,0,7.75,Southampton
969,3rd,0,male,36,1,0,15.5500002,Southampton
970,3rd,0,female,30,1,0,15.5500002,Southampton
971,3rd,1,male,20,1,0,7.92500019,Southampton
972,3rd,0,male,NA,0,0,7.87919998,Queenstown
973,3rd,0,male,28,0,0,56.4958,Southampton
974,3rd,0,male,NA,0,0,7.55000019,Southampton
975,3rd,0,male,30,1,0,16.1000004,Southampton
976,3rd,0,female,26,1,0,16.1000004,Southampton
977,3rd,0,male,NA,0,0,7.87919998,Southampton
978,3rd,0,male,20.5,0,0,7.25,Southampton
979,3rd,1,male,27,0,0,8.66250038,Southampton
980,3rd,0,male,51,0,0,7.05420017,Southampton
981,3rd,1,female,23,0,0,7.85419989,Southampton
982,3rd,1,male,32,0,0,7.57919979,Southampton
983,3rd,0,male,NA,0,0,7.89580011,Southampton
984,3rd,0,male,NA,0,0,7.55000019,Southampton
985,3rd,1,female,NA,0,0,7.75,Queenstown
986,3rd,1,male,24,0,0,7.14169979,Southampton
987,3rd,0,male,22,0,0,7.125,Southampton
988,3rd,0,female,NA,0,0,7.87919998,Queenstown
989,3rd,0,male,NA,0,0,7.75,Queenstown
990,3rd,0,male,NA,0,0,8.05000019,Southampton
991,3rd,0,male,29,0,0,7.92500019,Southampton
992,3rd,1,male,NA,0,0,7.22919989,Cherbourg
993,3rd,0,female,30.5,0,0,7.75,Queenstown
994,3rd,1,female,NA,0,0,7.73750019,Queenstown
995,3rd,0,male,NA,0,0,7.22919989,Cherbourg
996,3rd,0,male,35,0,0,7.89580011,Cherbourg
997,3rd,0,male,33,0,0,7.89580011,Southampton
998,3rd,1,female,NA,0,0,7.2249999,Cherbourg
999,3rd,0,male,NA,0,0,7.89580011,Cherbourg
1000,3rd,1,female,NA,0,0,7.75,Queenstown
1001,3rd,1,male,NA,0,0,7.75,Queenstown
1002,3rd,1,female,NA,2,0,23.25,Queenstown
1003,3rd,1,female,NA,2,0,23.25,Queenstown
1004,3rd,1,male,NA,2,0,23.25,Queenstown
1005,3rd,1,female,NA,0,0,7.7874999,Queenstown
1006,3rd,0,male,NA,0,0,15.5,Queenstown
1007,3rd,1,female,NA,0,0,7.87919998,Queenstown
1008,3rd,1,female,15,0,0,8.0291996,Queenstown
1009,3rd,0,female,35,0,0,7.75,Queenstown
1010,3rd,0,male,NA,0,0,7.75,Queenstown
1011,3rd,0,male,24,1,0,16.1000004,Southampton
1012,3rd,0,female,19,1,0,16.1000004,Southampton
1013,3rd,0,female,NA,0,0,7.75,Queenstown
1014,3rd,0,female,NA,0,0,8.05000019,Southampton
1015,3rd,0,female,NA,0,0,8.05000019,Southampton
1016,3rd,0,male,55.5,0,0,8.05000019,Southampton
1017,3rd,0,male,NA,0,0,7.75,Queenstown
1018,3rd,1,male,21,0,0,7.7750001,Southampton
1019,3rd,0,male,NA,0,0,8.05000019,Southampton
1020,3rd,0,male,24,0,0,7.89580011,Southampton
1021,3rd,0,male,21,0,0,7.89580011,Southampton
1022,3rd,0,male,28,0,0,7.89580011,Southampton
1023,3rd,0,male,NA,0,0,7.89580011,Southampton
1024,3rd,1,female,NA,0,0,7.87919998,Queenstown
1025,3rd,0,male,25,0,0,7.6500001,Southampton
1026,3rd,1,male,6,0,1,12.4750004,Southampton
1027,3rd,1,female,27,0,1,12.4750004,Southampton
1028,3rd,0,male,NA,0,0,8.05000019,Southampton
1029,3rd,1,female,NA,1,0,24.1499996,Queenstown
1030,3rd,0,male,NA,1,0,24.1499996,Queenstown
1031,3rd,0,male,NA,0,0,8.45829964,Queenstown
1032,3rd,0,male,34,0,0,8.05000019,Southampton
1033,3rd,0,male,NA,0,0,7.75,Queenstown
1034,3rd,1,male,NA,0,0,7.7750001,Southampton
1035,3rd,1,male,NA,1,1,15.2458,Cherbourg
1036,3rd,1,male,NA,1,1,15.2458,Cherbourg
1037,3rd,1,female,NA,0,2,15.2458,Cherbourg
1038,3rd,1,female,NA,0,0,7.22919989,Cherbourg
1039,3rd,0,male,NA,0,0,8.05000019,Southampton
1040,3rd,1,female,NA,0,0,7.73330021,Queenstown
1041,3rd,1,female,24,0,0,7.75,Queenstown
1042,3rd,0,male,NA,0,0,8.05000019,Southampton
1043,3rd,1,female,NA,1,0,15.5,Queenstown
1044,3rd,1,female,NA,1,0,15.5,Queenstown
1045,3rd,1,female,NA,0,0,15.5,Queenstown
1046,3rd,0,male,18,0,0,7.75,Southampton
1047,3rd,0,male,22,0,0,7.89580011,Southampton
1048,3rd,1,female,15,0,0,7.2249999,Cherbourg
1049,3rd,1,female,1,0,2,15.7417002,Cherbourg
1050,3rd,1,male,20,1,1,15.7417002,Cherbourg
1051,3rd,1,female,19,1,1,15.7417002,Cherbourg
1052,3rd,0,male,33,0,0,8.05000019,Southampton
1053,3rd,0,male,NA,0,0,7.89580011,Southampton
1054,3rd,0,male,NA,0,0,7.22919989,Cherbourg
1055,3rd,0,female,NA,0,0,7.75,Queenstown
1056,3rd,0,male,NA,0,0,7.89580011,Southampton
1057,3rd,1,male,12,1,0,11.2417002,Cherbourg
1058,3rd,1,female,14,1,0,11.2417002,Cherbourg
1059,3rd,0,female,29,0,0,7.92500019,Southampton
1060,3rd,0,male,28,0,0,8.05000019,Southampton
1061,3rd,1,female,18,0,0,7.7750001,Southampton
1062,3rd,1,female,26,0,0,7.85419989,Southampton
1063,3rd,0,male,21,0,0,7.85419989,Southampton
1064,3rd,0,male,41,0,0,7.125,Southampton
1065,3rd,1,male,39,0,0,7.92500019,Southampton
1066,3rd,0,male,21,0,0,7.80000019,Southampton
1067,3rd,0,male,28.5,0,0,7.22919989,Cherbourg
1068,3rd,1,female,22,0,0,7.75,Southampton
1069,3rd,0,male,61,0,0,6.23750019,Southampton
1070,3rd,0,male,NA,1,0,15.5,Queenstown
1071,3rd,0,male,NA,0,0,7.82919979,Queenstown
1072,3rd,1,female,NA,1,0,15.5,Queenstown
1073,3rd,0,male,NA,0,0,7.73330021,Queenstown
1074,3rd,0,male,NA,0,0,7.75,Queenstown
1075,3rd,0,male,NA,0,0,7.75,Queenstown
1076,3rd,0,male,23,0,0,9.22500038,Southampton
1077,3rd,0,female,NA,0,0,7.75,Queenstown
1078,3rd,1,female,NA,0,0,7.75,Queenstown
1079,3rd,1,female,NA,0,0,7.87919998,Queenstown
1080,3rd,1,female,22,0,0,7.7750001,Southampton
1081,3rd,1,male,NA,0,0,7.75,Queenstown
1082,3rd,1,female,NA,0,0,7.82919979,Queenstown
1083,3rd,1,male,9,0,1,3.17079997,Southampton
1084,3rd,0,male,28,0,0,22.5249996,Southampton
1085,3rd,0,male,42,0,1,8.4041996,Southampton
1086,3rd,0,male,NA,0,0,7.3125,Southampton
1087,3rd,0,female,31,0,0,7.85419989,Southampton
1088,3rd,0,male,28,0,0,7.85419989,Southampton
1089,3rd,1,male,32,0,0,7.7750001,Southampton
1090,3rd,0,male,20,0,0,9.22500038,Southampton
1091,3rd,0,female,23,0,0,8.66250038,Southampton
1092,3rd,0,female,20,0,0,8.66250038,Southampton
1093,3rd,0,male,20,0,0,8.66250038,Southampton
1094,3rd,0,male,16,0,0,9.2166996,Southampton
1095,3rd,1,female,31,0,0,8.68330002,Southampton
1096,3rd,0,female,NA,0,0,7.62919998,Queenstown
1097,3rd,0,male,2,3,1,21.0750008,Southampton
1098,3rd,0,male,6,3,1,21.0750008,Southampton
1099,3rd,0,female,3,3,1,21.0750008,Southampton
1100,3rd,0,female,8,3,1,21.0750008,Southampton
1101,3rd,0,female,29,0,4,21.0750008,Southampton
1102,3rd,0,male,1,4,1,39.6875,Southampton
1103,3rd,0,male,7,4,1,39.6875,Southampton
1104,3rd,0,male,2,4,1,39.6875,Southampton
1105,3rd,0,male,16,4,1,39.6875,Southampton
1106,3rd,0,male,14,4,1,39.6875,Southampton
1107,3rd,0,female,41,0,5,39.6875,Southampton
1108,3rd,0,male,21,0,0,8.66250038,Southampton
1109,3rd,0,male,19,0,0,14.5,Southampton
1110,3rd,0,male,NA,0,0,8.71249962,Cherbourg
1111,3rd,0,male,32,0,0,7.89580011,Southampton
1112,3rd,0,male,0.75,1,1,13.7749996,Southampton
1113,3rd,0,female,3,1,1,13.7749996,Southampton
1114,3rd,0,female,26,0,2,13.7749996,Southampton
1115,3rd,0,male,NA,0,0,7,Southampton
1116,3rd,0,male,NA,0,0,7.7750001,Southampton
1117,3rd,0,male,NA,0,0,8.05000019,Southampton
1118,3rd,0,male,21,0,0,7.92500019,Southampton
1119,3rd,0,male,25,0,0,7.92500019,Southampton
1120,3rd,0,male,22,0,0,7.25,Southampton
1121,3rd,1,male,25,1,0,7.7750001,Southampton
1122,3rd,1,male,NA,1,1,22.3582993,Cherbourg
1123,3rd,1,female,NA,1,1,22.3582993,Cherbourg
1124,3rd,1,female,NA,0,2,22.3582993,Cherbourg
1125,3rd,0,female,NA,0,0,8.13749981,Queenstown
1126,3rd,0,male,24,0,0,8.05000019,Southampton
1127,3rd,0,female,28,0,0,7.89580011,Southampton
1128,3rd,0,male,19,0,0,7.89580011,Southampton
1129,3rd,0,male,NA,0,0,7.89580011,Southampton
1130,3rd,0,male,25,1,0,7.7750001,Southampton
1131,3rd,0,female,18,0,0,7.7750001,Southampton
1132,3rd,1,male,32,0,0,8.05000019,Southampton
1133,3rd,0,male,NA,0,0,7.89580011,Southampton
1134,3rd,0,male,17,0,0,8.66250038,Southampton
1135,3rd,0,male,24,0,0,8.66250038,Southampton
1136,3rd,0,male,NA,0,0,7.89580011,Southampton
1137,3rd,0,female,NA,0,0,8.11250019,Southampton
1138,3rd,0,male,NA,0,0,7.22919989,Cherbourg
1139,3rd,0,male,NA,0,0,7.25,Southampton
1140,3rd,0,male,38,0,0,7.89580011,Southampton
1141,3rd,0,male,21,0,0,8.05000019,Southampton
1142,3rd,0,male,10,4,1,29.125,Queenstown
1143,3rd,0,male,4,4,1,29.125,Queenstown
1144,3rd,0,male,7,4,1,29.125,Queenstown
1145,3rd,0,male,2,4,1,29.125,Queenstown
1146,3rd,0,male,8,4,1,29.125,Queenstown
1147,3rd,0,female,39,0,5,29.125,Queenstown
1148,3rd,0,female,22,0,0,39.6875,Southampton
1149,3rd,0,male,35,0,0,7.125,Southampton
1150,3rd,1,female,NA,0,0,7.72079992,Queenstown
1151,3rd,0,male,NA,0,0,14.5,Southampton
1152,3rd,0,female,NA,0,0,14.5,Southampton
1153,3rd,0,male,50,1,0,14.5,Southampton
1154,3rd,0,female,47,1,0,14.5,Southampton
1155,3rd,0,male,NA,0,0,8.05000019,Southampton
1156,3rd,0,male,NA,0,0,7.7750001,Southampton
1157,3rd,0,female,2,1,1,20.2124996,Southampton
1158,3rd,0,male,18,1,1,20.2124996,Southampton
1159,3rd,0,female,41,0,2,20.2124996,Southampton
1160,3rd,1,female,NA,0,0,8.05000019,Southampton
1161,3rd,0,male,50,0,0,8.05000019,Southampton
1162,3rd,0,male,16,0,0,8.05000019,Southampton
1163,3rd,1,male,NA,0,0,7.75,Queenstown
1164,3rd,0,male,NA,0,0,24.1499996,Queenstown
1165,3rd,0,male,NA,0,0,7.22919989,Cherbourg
1166,3rd,0,male,25,0,0,7.2249999,Cherbourg
1167,3rd,0,male,NA,0,0,7.2249999,Cherbourg
1168,3rd,0,male,NA,0,0,7.72919989,Queenstown
1169,3rd,0,male,NA,0,0,7.57499981,Southampton
1170,3rd,0,male,38.5,0,0,7.25,Southampton
1171,3rd,0,male,NA,8,2,69.5500031,Southampton
1172,3rd,0,male,14.5,8,2,69.5500031,Southampton
1173,3rd,0,female,NA,8,2,69.5500031,Southampton
1174,3rd,0,female,NA,8,2,69.5500031,Southampton
1175,3rd,0,female,NA,8,2,69.5500031,Southampton
1176,3rd,0,female,NA,8,2,69.5500031,Southampton
1177,3rd,0,male,NA,8,2,69.5500031,Southampton
1178,3rd,0,male,NA,8,2,69.5500031,Southampton
1179,3rd,0,male,NA,8,2,69.5500031,Southampton
1180,3rd,0,male,NA,1,9,69.5500031,Southampton
1181,3rd,0,female,NA,1,9,69.5500031,Southampton
1182,3rd,0,male,24,0,0,9.32499981,Southampton
1183,3rd,1,female,21,0,0,7.6500001,Southampton
1184,3rd,0,male,39,0,0,7.92500019,Southampton
1185,3rd,0,male,NA,2,0,21.6791992,Cherbourg
1186,3rd,0,male,NA,2,0,21.6791992,Cherbourg
1187,3rd,0,male,NA,2,0,21.6791992,Cherbourg
1188,3rd,1,female,1,1,1,16.7000008,Southampton
1189,3rd,1,female,24,0,2,16.7000008,Southampton
1190,3rd,1,female,4,1,1,16.7000008,Southampton
1191,3rd,1,male,25,0,0,9.5,Southampton
1192,3rd,0,male,20,0,0,8.05000019,Southampton
1193,3rd,0,male,24.5,0,0,8.05000019,Southampton
1194,3rd,0,male,NA,0,0,7.7249999,Queenstown
1195,3rd,0,male,NA,0,0,7.89580011,Southampton
1196,3rd,0,male,NA,0,0,7.75,Queenstown
1197,3rd,1,male,29,0,0,9.5,Southampton
1198,3rd,0,male,NA,0,0,15.1000004,Southampton
1199,3rd,1,female,NA,0,0,7.77920008,Queenstown
1200,3rd,0,male,NA,0,0,8.05000019,Southampton
1201,3rd,0,male,NA,0,0,8.05000019,Southampton
1202,3rd,0,male,22,0,0,7.22919989,Cherbourg
1203,3rd,0,male,NA,0,0,8.05000019,Southampton
1204,3rd,0,male,40,0,0,7.89580011,Southampton
1205,3rd,0,male,21,0,0,7.92500019,Southampton
1206,3rd,1,female,18,0,0,7.49580002,Southampton
1207,3rd,0,male,4,3,2,27.8999996,Southampton
1208,3rd,0,male,10,3,2,27.8999996,Southampton
1209,3rd,0,female,9,3,2,27.8999996,Southampton
1210,3rd,0,female,2,3,2,27.8999996,Southampton
1211,3rd,0,male,40,1,4,27.8999996,Southampton
1212,3rd,0,female,45,1,4,27.8999996,Southampton
1213,3rd,0,male,NA,0,0,7.89580011,Southampton
1214,3rd,0,male,NA,0,0,8.05000019,Southampton
1215,3rd,0,male,NA,0,0,8.66250038,Southampton
1216,3rd,0,male,NA,0,0,7.75,Queenstown
1217,3rd,1,female,NA,0,0,7.73330021,Queenstown
1218,3rd,0,male,19,0,0,7.6500001,Southampton
1219,3rd,0,male,30,0,0,8.05000019,Southampton
1220,3rd,0,male,NA,0,0,8.05000019,Southampton
1221,3rd,0,male,32,0,0,8.05000019,Southampton
1222,3rd,0,male,NA,0,0,7.89580011,Southampton
1223,3rd,0,male,33,0,0,8.66250038,Cherbourg
1224,3rd,1,female,23,0,0,7.55000019,Southampton
1225,3rd,0,male,21,0,0,8.05000019,Southampton
1226,3rd,0,male,60.5,0,0,NA,Southampton
1227,3rd,0,male,19,0,0,7.89580011,Southampton
1228,3rd,0,female,22,0,0,9.83749962,Southampton
1229,3rd,1,male,31,0,0,7.92500019,Southampton
1230,3rd,0,male,27,0,0,8.66250038,Southampton
1231,3rd,0,female,2,0,1,10.4624996,Southampton
1232,3rd,0,female,29,1,1,10.4624996,Southampton
1233,3rd,1,male,16,0,0,8.05000019,Southampton
1234,3rd,1,male,44,0,0,7.92500019,Southampton
1235,3rd,0,male,25,0,0,7.05000019,Southampton
1236,3rd,0,male,74,0,0,7.7750001,Southampton
1237,3rd,1,male,14,0,0,9.22500038,Southampton
1238,3rd,0,male,24,0,0,7.79580021,Southampton
1239,3rd,1,male,25,0,0,7.79580021,Southampton
1240,3rd,0,male,34,0,0,8.05000019,Southampton
1241,3rd,1,male,0.416700006,0,1,8.51669979,Cherbourg
1242,3rd,0,male,NA,1,0,6.4375,Cherbourg
1243,3rd,0,male,NA,0,0,6.4375,Cherbourg
1244,3rd,0,male,NA,0,0,7.2249999,Cherbourg
1245,3rd,1,female,16,1,1,8.51669979,Cherbourg
1246,3rd,0,male,NA,0,0,8.05000019,Southampton
1247,3rd,0,male,NA,1,0,16.1000004,Southampton
1248,3rd,1,female,NA,1,0,16.1000004,Southampton
1249,3rd,0,male,32,0,0,7.92500019,Southampton
1250,3rd,0,male,NA,0,0,7.75,Queenstown
1251,3rd,0,male,NA,0,0,7.89580011,Southampton
1252,3rd,0,male,30.5,0,0,8.05000019,Southampton
1253,3rd,0,male,44,0,0,8.05000019,Southampton
1254,3rd,0,male,NA,0,0,7.22919989,Cherbourg
1255,3rd,1,male,25,0,0,0,Southampton
1256,3rd,0,male,NA,0,0,7.22919989,Cherbourg
1257,3rd,1,male,7,1,1,15.2458,Cherbourg
1258,3rd,1,female,9,1,1,15.2458,Cherbourg
1259,3rd,1,female,29,0,2,15.2458,Cherbourg
1260,3rd,0,male,36,0,0,7.89580011,Southampton
1261,3rd,1,female,18,0,0,9.8416996,Southampton
1262,3rd,1,female,63,0,0,9.58749962,Southampton
1263,3rd,0,male,NA,1,1,14.5,Southampton
1264,3rd,0,male,11.5,1,1,14.5,Southampton
1265,3rd,0,male,40.5,0,2,14.5,Southampton
1266,3rd,0,female,10,0,2,24.1499996,Southampton
1267,3rd,0,male,36,1,1,24.1499996,Southampton
1268,3rd,0,female,30,1,1,24.1499996,Southampton
1269,3rd,0,male,NA,0,0,9.5,Southampton
1270,3rd,0,male,33,0,0,9.5,Southampton
1271,3rd,0,male,28,0,0,9.5,Southampton
1272,3rd,0,male,28,0,0,9.5,Southampton
1273,3rd,0,male,47,0,0,9,Southampton
1274,3rd,0,female,18,2,0,18,Southampton
1275,3rd,0,male,31,3,0,18,Southampton
1276,3rd,0,male,16,2,0,18,Southampton
1277,3rd,0,female,31,1,0,18,Southampton
1278,3rd,1,male,22,0,0,7.2249999,Cherbourg
1279,3rd,0,male,20,0,0,7.85419989,Southampton
1280,3rd,0,female,14,0,0,7.85419989,Southampton
1281,3rd,0,male,22,0,0,7.89580011,Southampton
1282,3rd,0,male,22,0,0,9,Southampton
1283,3rd,0,male,NA,0,0,8.05000019,Southampton
1284,3rd,0,male,NA,0,0,7.55000019,Southampton
1285,3rd,0,male,NA,0,0,8.05000019,Southampton
1286,3rd,0,male,32.5,0,0,9.5,Southampton
1287,3rd,1,female,38,0,0,7.22919989,Cherbourg
1288,3rd,0,male,51,0,0,7.75,Southampton
1289,3rd,0,male,18,1,0,6.49580002,Southampton
1290,3rd,0,male,21,1,0,6.49580002,Southampton
1291,3rd,1,female,47,1,0,7,Southampton
1292,3rd,0,male,NA,0,0,8.71249962,Southampton
1293,3rd,0,male,NA,0,0,7.55000019,Southampton
1294,3rd,0,male,NA,0,0,8.05000019,Southampton
1295,3rd,0,male,28.5,0,0,16.1000004,Southampton
1296,3rd,0,male,21,0,0,7.25,Southampton
1297,3rd,0,male,27,0,0,8.66250038,Southampton
1298,3rd,0,male,NA,0,0,7.25,Southampton
1299,3rd,0,male,36,0,0,9.5,Southampton
1300,3rd,0,male,27,1,0,14.4541998,Cherbourg
1301,3rd,1,female,15,1,0,14.4541998,Cherbourg
1302,3rd,0,male,45.5,0,0,7.2249999,Cherbourg
1303,3rd,0,male,NA,0,0,7.2249999,Cherbourg
1304,3rd,0,male,NA,0,0,14.4582996,Cherbourg
1305,3rd,0,female,14.5,1,0,14.4541998,Cherbourg
1306,3rd,0,female,NA,1,0,14.4541998,Cherbourg
1307,3rd,0,male,26.5,0,0,7.2249999,Cherbourg
1308,3rd,0,male,27,0,0,7.2249999,Cherbourg
1309,3rd,0,male,29,0,0,7.875,Southampton
